index,image_path,true_label,predicted_label,valid,correct,wall_s,prompt_ms,predicted_ms,prompt_tokens,cached_tokens,predicted_tokens,raw_response,error
1,/home/andrewchen/vlm-edge-project/data/hagrid_day1_resize336/images/no_gesture/no_gesture_00003.jpg,no_gesture,call,1,0,7.416475,7171.435,214.485,375,0,2,call,
2,/home/andrewchen/vlm-edge-project/data/hagrid_day1_resize336/images/no_gesture/no_gesture_00002.jpg,no_gesture,no_gesture,1,1,7.712166,7100.0,583.893,375,0,4,no_gesture,
3,/home/andrewchen/vlm-edge-project/data/hagrid_day1_resize336/images/call/call_00002.jpg,call,call,1,1,7.385094,7127.392,228.896,375,0,2,call,
4,/home/andrewchen/vlm-edge-project/data/hagrid_day1_resize336/images/palm/palm_00002.jpg,palm,palm,1,1,7.499307,7078.669,391.065,375,0,3,palm,
5,/home/andrewchen/vlm-edge-project/data/hagrid_day1_resize336/images/peace_inverted/peace_inverted_00003.jpg,peace_inverted,peace,1,0,7.375088,7132.811,212.67,375,0,2,peace,
6,/home/andrewchen/vlm-edge-project/data/hagrid_day1_resize336/images/dislike/dislike_00001.jpg,dislike,dislike,1,1,7.548377,7101.507,416.462,375,0,3,dislike,
7,/home/andrewchen/vlm-edge-project/data/hagrid_day1_resize336/images/mute/mute_00000.jpg,mute,mute,1,1,7.372493,7136.253,207.569,375,0,2,mute,
8,/home/andrewchen/vlm-edge-project/data/hagrid_day1_resize336/images/one/one_00001.jpg,one,one,1,1,7.368813,7123.995,214.596,375,0,2,one,
9,/home/andrewchen/vlm-edge-project/data/hagrid_day1_resize336/images/four/four_00003.jpg,four,four,1,1,7.410309,7167.459,214.653,375,0,2,four,
10,/home/andrewchen/vlm-edge-project/data/hagrid_day1_resize336/images/dislike/dislike_00003.jpg,dislike,dislike,1,1,7.573522,7144.959,398.772,375,0,3,dislike,
11,/home/andrewchen/vlm-edge-project/data/hagrid_day1_resize336/images/three/three_00002.jpg,three,ok,1,0,7.392794,7145.444,217.444,375,0,2,ok,
12,/home/andrewchen/vlm-edge-project/data/hagrid_day1_resize336/images/three/three_00000.jpg,three,three,1,1,7.354676,7109.294,217.485,375,0,2,three,
13,/home/andrewchen/vlm-edge-project/data/hagrid_day1_resize336/images/palm/palm_00003.jpg,palm,four,1,0,7.364490,7115.969,220.553,375,0,2,four,
14,/home/andrewchen/vlm-edge-project/data/hagrid_day1_resize336/images/like/like_00004.jpg,like,like,1,1,7.390449,7154.84,208.921,375,0,2,like,
15,/home/andrewchen/vlm-edge-project/data/hagrid_day1_resize336/images/call/call_00001.jpg,call,call,1,1,7.381808,7122.259,229.104,375,0,2,call,
16,/home/andrewchen/vlm-edge-project/data/hagrid_day1_resize336/images/two_up/two_up_00002.jpg,two_up,peace,1,0,7.436321,7184.006,222.124,375,0,2,peace,
17,/home/andrewchen/vlm-edge-project/data/hagrid_day1_resize336/images/four/four_00004.jpg,four,three,1,0,7.370486,7120.178,223.347,375,0,2,three,
18,/home/andrewchen/vlm-edge-project/data/hagrid_day1_resize336/images/fist/fist_00004.jpg,fist,fist,1,1,7.162970,6738.5,397.67,364,0,3,fist,
19,/home/andrewchen/vlm-edge-project/data/hagrid_day1_resize336/images/no_gesture/no_gesture_00001.jpg,no_gesture,no_gesture,1,1,7.290226,6683.198,579.282,364,0,4,no_gesture,
20,/home/andrewchen/vlm-edge-project/data/hagrid_day1_resize336/images/one/one_00004.jpg,one,one,1,1,7.385864,7138.586,217.764,375,0,2,one,
21,/home/andrewchen/vlm-edge-project/data/hagrid_day1_resize336/images/dislike/dislike_00000.jpg,dislike,dislike,1,1,7.534878,7093.76,412.945,375,0,3,dislike,
22,/home/andrewchen/vlm-edge-project/data/hagrid_day1_resize336/images/peace/peace_00002.jpg,peace,peace,1,1,7.382657,7145.225,209.285,375,0,2,peace,
23,/home/andrewchen/vlm-edge-project/data/hagrid_day1_resize336/images/three2/three2_00003.jpg,three2,peace,1,0,6.582358,6323.069,231.231,353,0,2,peace,
24,/home/andrewchen/vlm-edge-project/data/hagrid_day1_resize336/images/four/four_00002.jpg,four,four,1,1,7.462980,7217.086,216.866,375,0,2,four,
25,/home/andrewchen/vlm-edge-project/data/hagrid_day1_resize336/images/two_up_inverted/two_up_inverted_00000.jpg,two_up_inverted,two_up,1,0,7.543236,7108.461,407.608,375,0,3,two_up,
26,/home/andrewchen/vlm-edge-project/data/hagrid_day1_resize336/images/three/three_00004.jpg,three,three,1,1,7.417849,7152.315,236.818,375,0,2,three,
27,/home/andrewchen/vlm-edge-project/data/hagrid_day1_resize336/images/peace/peace_00004.jpg,peace,peace,1,1,7.373143,7125.754,218.376,375,0,2,peace,
28,/home/andrewchen/vlm-edge-project/data/hagrid_day1_resize336/images/peace_inverted/peace_inverted_00004.jpg,peace_inverted,peace,1,0,6.151357,5897.133,227.126,342,0,2,peace,
29,/home/andrewchen/vlm-edge-project/data/hagrid_day1_resize336/images/ok/ok_00002.jpg,ok,ok,1,1,7.437684,7194.491,216.103,375,0,2,ok,
30,/home/andrewchen/vlm-edge-project/data/hagrid_day1_resize336/images/stop_inverted/stop_inverted_00000.jpg,stop_inverted,stop,1,0,7.386664,7133.166,224.368,375,0,2,stop,
31,/home/andrewchen/vlm-edge-project/data/hagrid_day1_resize336/images/peace_inverted/peace_inverted_00002.jpg,peace_inverted,peace,1,0,7.462105,7197.406,232.359,375,0,2,peace,
32,/home/andrewchen/vlm-edge-project/data/hagrid_day1_resize336/images/two_up_inverted/two_up_inverted_00004.jpg,two_up_inverted,two_up,1,0,7.677103,7254.798,391.222,375,0,3,two_up,
33,/home/andrewchen/vlm-edge-project/data/hagrid_day1_resize336/images/three2/three2_00002.jpg,three2,peace,1,0,6.184083,5944.354,213.994,342,0,2,peace,
34,/home/andrewchen/vlm-edge-project/data/hagrid_day1_resize336/images/two_up/two_up_00004.jpg,two_up,peace,1,0,7.442198,7199.154,213.969,375,0,2,peace,
35,/home/andrewchen/vlm-edge-project/data/hagrid_day1_resize336/images/like/like_00003.jpg,like,like,1,1,7.368082,7117.292,221.966,375,0,2,like,
36,/home/andrewchen/vlm-edge-project/data/hagrid_day1_resize336/images/mute/mute_00004.jpg,mute,mute,1,1,7.508390,7261.041,217.938,375,0,2,mute,
37,/home/andrewchen/vlm-edge-project/data/hagrid_day1_resize336/images/stop_inverted/stop_inverted_00002.jpg,stop_inverted,stop,1,0,7.449562,7209.659,207.206,375,0,2,stop,
38,/home/andrewchen/vlm-edge-project/data/hagrid_day1_resize336/images/one/one_00003.jpg,one,one,1,1,7.384120,7131.334,224.988,375,0,2,one,
39,/home/andrewchen/vlm-edge-project/data/hagrid_day1_resize336/images/dislike/dislike_00004.jpg,dislike,dislike,1,1,7.508057,7065.971,412.221,375,0,3,dislike,
40,/home/andrewchen/vlm-edge-project/data/hagrid_day1_resize336/images/three2/three2_00000.jpg,three2,three,1,0,7.238493,6996.273,214.541,375,0,2,three,
41,/home/andrewchen/vlm-edge-project/data/hagrid_day1_resize336/images/stop/stop_00004.jpg,stop,stop,1,1,7.320041,7079.395,210.989,375,0,2,stop,
42,/home/andrewchen/vlm-edge-project/data/hagrid_day1_resize336/images/call/call_00004.jpg,call,call,1,1,7.286503,7049.348,207.558,375,0,2,call,
43,/home/andrewchen/vlm-edge-project/data/hagrid_day1_resize336/images/four/four_00000.jpg,four,four,1,1,7.268473,7029.581,210.171,375,0,2,four,
44,/home/andrewchen/vlm-edge-project/data/hagrid_day1_resize336/images/fist/fist_00000.jpg,fist,fist,1,1,6.413674,5983.103,404.588,342,0,3,fist,
45,/home/andrewchen/vlm-edge-project/data/hagrid_day1_resize336/images/four/four_00001.jpg,four,four,1,1,7.306155,7069.845,207.563,375,0,2,four,
46,/home/andrewchen/vlm-edge-project/data/hagrid_day1_resize336/images/mute/mute_00001.jpg,mute,mute,1,1,7.267201,7022.189,214.234,375,0,2,mute,
47,/home/andrewchen/vlm-edge-project/data/hagrid_day1_resize336/images/three2/three2_00004.jpg,three2,peace,1,0,7.334666,7097.998,208.842,375,0,2,peace,
48,/home/andrewchen/vlm-edge-project/data/hagrid_day1_resize336/images/rock/rock_00003.jpg,rock,peace,1,0,7.330492,7080.39,219.673,375,0,2,peace,
49,/home/andrewchen/vlm-edge-project/data/hagrid_day1_resize336/images/stop/stop_00001.jpg,stop,stop,1,1,7.272225,7038.255,205.442,375,0,2,stop,
50,/home/andrewchen/vlm-edge-project/data/hagrid_day1_resize336/images/stop_inverted/stop_inverted_00001.jpg,stop_inverted,no_gesture,1,0,7.714622,7109.916,573.341,375,0,4,no_gesture,
51,/home/andrewchen/vlm-edge-project/data/hagrid_day1_resize336/images/peace/peace_00000.jpg,peace,peace,1,1,7.280173,7034.373,218.32,375,0,2,peace,
52,/home/andrewchen/vlm-edge-project/data/hagrid_day1_resize336/images/three/three_00001.jpg,three,three,1,1,7.358327,7116.605,212.574,375,0,2,three,
53,/home/andrewchen/vlm-edge-project/data/hagrid_day1_resize336/images/like/like_00000.jpg,like,like,1,1,7.323245,7086.414,208.542,375,0,2,like,
54,/home/andrewchen/vlm-edge-project/data/hagrid_day1_resize336/images/two_up_inverted/two_up_inverted_00003.jpg,two_up_inverted,two_up,1,0,7.480489,7044.667,407.694,375,0,3,two_up,
55,/home/andrewchen/vlm-edge-project/data/hagrid_day1_resize336/images/palm/palm_00001.jpg,palm,palm,1,1,7.043464,6620.844,397.86,364,0,3,palm,
56,/home/andrewchen/vlm-edge-project/data/hagrid_day1_resize336/images/two_up_inverted/two_up_inverted_00002.jpg,two_up_inverted,stop,1,0,7.355028,7107.69,218.182,375,0,2,stop,
57,/home/andrewchen/vlm-edge-project/data/hagrid_day1_resize336/images/call/call_00000.jpg,call,call,1,1,6.936929,6697.822,209.803,364,0,2,call,
58,/home/andrewchen/vlm-edge-project/data/hagrid_day1_resize336/images/ok/ok_00000.jpg,ok,ok,1,1,7.308294,7059.496,219.548,375,0,2,ok,
59,/home/andrewchen/vlm-edge-project/data/hagrid_day1_resize336/images/two_up/two_up_00003.jpg,two_up,peace,1,0,6.118428,5866.665,224.242,342,0,2,peace,
60,/home/andrewchen/vlm-edge-project/data/hagrid_day1_resize336/images/call/call_00003.jpg,call,call,1,1,7.237161,7000.299,205.723,375,0,2,call,
61,/home/andrewchen/vlm-edge-project/data/hagrid_day1_resize336/images/fist/fist_00001.jpg,fist,fist,1,1,7.513452,7091.54,392.196,375,0,3,fist,
62,/home/andrewchen/vlm-edge-project/data/hagrid_day1_resize336/images/two_up_inverted/two_up_inverted_00001.jpg,two_up_inverted,peace,1,0,7.289853,7040.393,220.804,375,0,2,peace,
63,/home/andrewchen/vlm-edge-project/data/hagrid_day1_resize336/images/stop/stop_00002.jpg,stop,stop,1,1,7.378668,7128.301,221.026,375,0,2,stop,
64,/home/andrewchen/vlm-edge-project/data/hagrid_day1_resize336/images/peace_inverted/peace_inverted_00001.jpg,peace_inverted,peace,1,0,7.348331,7104.205,216.395,375,0,2,peace,
65,/home/andrewchen/vlm-edge-project/data/hagrid_day1_resize336/images/two_up/two_up_00001.jpg,two_up,peace,1,0,7.278088,7041.497,206.212,375,0,2,peace,
66,/home/andrewchen/vlm-edge-project/data/hagrid_day1_resize336/images/like/like_00001.jpg,like,like,1,1,7.365933,7116.714,219.645,375,0,2,like,
67,/home/andrewchen/vlm-edge-project/data/hagrid_day1_resize336/images/one/one_00000.jpg,one,one,1,1,7.336443,7082.802,225.266,375,0,2,one,
68,/home/andrewchen/vlm-edge-project/data/hagrid_day1_resize336/images/peace_inverted/peace_inverted_00000.jpg,peace_inverted,peace,1,0,7.288184,7029.396,229.69,375,0,2,peace,
69,/home/andrewchen/vlm-edge-project/data/hagrid_day1_resize336/images/two_up/two_up_00000.jpg,two_up,three,1,0,6.080265,5833.606,220.355,342,0,2,three,
70,/home/andrewchen/vlm-edge-project/data/hagrid_day1_resize336/images/stop_inverted/stop_inverted_00003.jpg,stop_inverted,stop,1,0,7.361037,7114.353,216.512,375,0,2,stop,
71,/home/andrewchen/vlm-edge-project/data/hagrid_day1_resize336/images/rock/rock_00000.jpg,rock,rock,1,1,7.317865,7080.847,208.266,375,0,2,rock,
72,/home/andrewchen/vlm-edge-project/data/hagrid_day1_resize336/images/one/one_00002.jpg,one,one,1,1,7.313866,7055.733,226.93,375,0,2,one,
73,/home/andrewchen/vlm-edge-project/data/hagrid_day1_resize336/images/no_gesture/no_gesture_00004.jpg,no_gesture,no_gesture,1,1,7.242359,6622.6,590.562,364,0,4,no_gesture,
74,/home/andrewchen/vlm-edge-project/data/hagrid_day1_resize336/images/three/three_00003.jpg,three,peace,1,0,7.328538,7075.241,224.198,375,0,2,peace,
75,/home/andrewchen/vlm-edge-project/data/hagrid_day1_resize336/images/ok/ok_00004.jpg,ok,ok,1,1,7.296243,7044.77,220.811,375,0,2,ok,
76,/home/andrewchen/vlm-edge-project/data/hagrid_day1_resize336/images/fist/fist_00003.jpg,fist,fist,1,1,7.548237,7117.051,401.278,375,0,3,fist,
77,/home/andrewchen/vlm-edge-project/data/hagrid_day1_resize336/images/stop/stop_00003.jpg,stop,stop,1,1,7.300554,7052.288,218.537,375,0,2,stop,
78,/home/andrewchen/vlm-edge-project/data/hagrid_day1_resize336/images/mute/mute_00002.jpg,mute,mute,1,1,7.267274,7020.965,214.79,375,0,2,mute,
79,/home/andrewchen/vlm-edge-project/data/hagrid_day1_resize336/images/dislike/dislike_00002.jpg,dislike,dislike,1,1,7.555357,7124.266,401.172,375,0,3,dislike,
80,/home/andrewchen/vlm-edge-project/data/hagrid_day1_resize336/images/three2/three2_00001.jpg,three2,peace,1,0,7.303872,7054.08,221.192,375,0,2,peace,
81,/home/andrewchen/vlm-edge-project/data/hagrid_day1_resize336/images/ok/ok_00001.jpg,ok,ok,1,1,7.246518,6997.492,216.954,375,0,2,ok,
82,/home/andrewchen/vlm-edge-project/data/hagrid_day1_resize336/images/fist/fist_00002.jpg,fist,fist,1,1,7.539967,7095.55,414.29,375,0,3,fist,
83,/home/andrewchen/vlm-edge-project/data/hagrid_day1_resize336/images/rock/rock_00004.jpg,rock,rock,1,1,7.271414,7022.341,219.398,375,0,2,rock,
84,/home/andrewchen/vlm-edge-project/data/hagrid_day1_resize336/images/like/like_00002.jpg,like,like,1,1,7.365049,7116.642,218.718,375,0,2,like,
85,/home/andrewchen/vlm-edge-project/data/hagrid_day1_resize336/images/stop_inverted/stop_inverted_00004.jpg,stop_inverted,stop,1,0,7.314544,7070.55,214.328,375,0,2,stop,
86,/home/andrewchen/vlm-edge-project/data/hagrid_day1_resize336/images/palm/palm_00000.jpg,palm,palm,1,1,7.453717,7028.249,394.277,375,0,3,palm,
87,/home/andrewchen/vlm-edge-project/data/hagrid_day1_resize336/images/rock/rock_00001.jpg,rock,peace,1,0,7.328527,7082.713,214.944,375,0,2,peace,
88,/home/andrewchen/vlm-edge-project/data/hagrid_day1_resize336/images/ok/ok_00003.jpg,ok,ok,1,1,6.160453,5920.116,213.968,342,0,2,ok,
89,/home/andrewchen/vlm-edge-project/data/hagrid_day1_resize336/images/peace/peace_00001.jpg,peace,peace,1,1,7.302772,7049.521,223.154,375,0,2,peace,
90,/home/andrewchen/vlm-edge-project/data/hagrid_day1_resize336/images/rock/rock_00002.jpg,rock,rock,1,1,7.306720,7060.26,215.35,375,0,2,rock,
91,/home/andrewchen/vlm-edge-project/data/hagrid_day1_resize336/images/stop/stop_00000.jpg,stop,stop,1,1,7.336595,7089.818,217.081,375,0,2,stop,
92,/home/andrewchen/vlm-edge-project/data/hagrid_day1_resize336/images/mute/mute_00003.jpg,mute,mute,1,1,7.282239,7041.373,209.466,375,0,2,mute,
93,/home/andrewchen/vlm-edge-project/data/hagrid_day1_resize336/images/no_gesture/no_gesture_00000.jpg,no_gesture,call,1,0,7.245295,6992.539,222.278,375,0,2,call,
94,/home/andrewchen/vlm-edge-project/data/hagrid_day1_resize336/images/peace/peace_00003.jpg,peace,peace,1,1,7.331098,7091.348,208.658,375,0,2,peace,
95,/home/andrewchen/vlm-edge-project/data/hagrid_day1_resize336/images/palm/palm_00004.jpg,palm,stop,1,0,7.310065,7054.629,225.604,375,0,2,stop,
